Search Term,Date,Title,Country,Description,URL
site:instagram.com #indigenouseconomy,"Mar 5, 2025","Indigenomics on Instagram: ""The Indigenous economy is on the rise ...",ca," Mar 5, 2025  ·  The Indigenous economy is on the rise, and these visionary leaders are boldly shaping the future. We are beyond excited to unveil the first ... ",https://www.instagram.com/indigenomics/p/DG1Md8qPA2s/
site:instagram.com #indigenouseconomy,Unknown,Indigenomics.com is live! We have merged The ... - Instagram,ca, 21 hours ago  ·  This forum highlights Indigenous economic reconciliation outcomes in the Indigenous economy. The forum will feature the dome experience at the ... ,https://www.instagram.com/indigenomics/p/DHUBtSazhyz/
site:instagram.com #indigenouseconomy,"Jan 30, 2025","Indigenomics on Instagram: ""The Indigenous economy is rising ...",ca," Jan 30, 2025  ·  This is more than an event—it's a call to action for Indigenous economic empowerment and inclusion. It's time to showcase your leadership and ... ",https://www.instagram.com/indigenomics/p/DFdgTBppWR2/
site:instagram.com #indigenouseconomy,"Nov 5, 2024",What's one thing you'd love to see in a future Indigenous economy ...,ca," Nov 5, 2024  ·  Economic reconciliation requires action. The Indigenomics Accessibility Package is an opportunity for your company and business to remove ... ",https://www.instagram.com/indigenomics/p/DCAfMaRpJ3m/
site:instagram.com #indigenouseconomy,"Jun 22, 2024",This year's Indigenomics on BAY STREET is moving ... - Instagram,ca," Jun 22, 2024  ·  This year's Indigenomics on BAY STREET is moving beyond the $100 billion Indigenous economy, the capital & resource requirements for that ... ",https://www.instagram.com/indigenomics/p/C8h9kngyHHA/
site:instagram.com #indigenouseconomy,"Oct 11, 2024","Get ready—in just 4 days, the $100 Billion Indigenous economy ...",ca," Oct 11, 2024  ·  -Innovative businesses and investments -Policies driving economic reconciliation -Success stories that showcase Indigenous economic strength ",https://www.instagram.com/indigenomics/p/DA_se8Ozxfn/
site:instagram.com #indigenouseconomy,"Feb 28, 2025",SAVE THE DATE – INDIGENOMICS BAY STREET Toronto - Instagram,ca," Feb 28, 2025  ·  ... bio. #Indigenomics #IndigenousEconomy #EconomicReconciliation #WhoWantsToPlayIndigenomics. Instagram. Log in. Open app. indigenomics. and. ",https://www.instagram.com/indigenomics/reel/DGoUWMYIUFj/
site:instagram.com #indigenouseconomy,"Mar 7, 2025","The momentum is building for Indigenomics Impact, and ... - Instagram",ca," Mar 7, 2025  ·  The Indigenous economy is on the rise, and these visionary leaders are boldly shaping the future. We are beyond excited to unveil the first ... ",https://www.instagram.com/indigenomics/p/DG6N5AfzNAA/
site:instagram.com #indigenouseconomy,"Jan 21, 2025",The Indigenomics Institute is thrilled to invite leading ... - Instagram,ca," Jan 21, 2025  ·  Co-design actionable strategies that contribute to the rising Indigenous economy. Build meaningful partnerships with Indigenous leaders, ... ",https://www.instagram.com/indigenomics/p/DFGYhuOJUuy/
site:instagram.com #indigenouseconomy,"Jun 12, 2024","Indigenomics on Instagram: """" The source of poverty is twofold. First ...",ca," Jun 12, 2024  ·  The Indigenous economy is rising—on track to exceed $100 billion—but outdated, colonial policies of Canada's Indian Act still stand in the way. ",https://www.instagram.com/indigenomics/p/C8H7mNtAgaC/
site:instagram.com #indigenouseconomy,"Dec 18, 2024",We are seeking inspiring Indigenous leaders to take the ... - Instagram,ca," Dec 18, 2024  ·  The Indigenous economy is rising—on track to exceed $100 billion—but outdated, colonial policies of Canada's Indian Act still stand in the way. ",https://www.instagram.com/indigenomics/p/DDusMFaNVf8/
site:instagram.com #indigenouseconomy,"Oct 4, 2024",Indigenomics Bay Street is just around the corner! We're diving into ...,ca," Oct 4, 2024  ·  This conference promotes a strengths-based narrative of Indigenous economic growth, design, inclusion, and reconciliation. By uniting leaders ... ",https://www.instagram.com/indigenomics/p/DAtqXM3pigz/
site:instagram.com #indigenouseconomy,Unknown,The countdown is on! It's time....   #Indigenomics ... - Instagram,ca," This conference promotes a strengths-based narrative of Indigenous economic growth, design, inclusion, and reconciliation. By uniting leaders from various ... ",https://www.instagram.com/indigenomics/p/DBL6FlBsQNz/
site:instagram.com #indigenouseconomy,"Sep 17, 2024",Be part of the future of the Indigenous economy! Don't ... - Instagram,ca," Sep 17, 2024  ·  Don't miss the unveiling of the Indigenomics National 100 Billion AI Generative Economic Study at Indigenomics on BAY STREET. ",https://www.instagram.com/indigenomics/reel/DAB0S0NMB3D/
site:instagram.com #indigenouseconomy,"Jun 21, 2024","access to capital. Carol Anne Hilton, CEO and Founder ... - Instagram",ca," Jun 21, 2024  ·  The Indigenous economy is rising—on track to exceed $100 billion—but outdated, colonial policies of Canada's Indian Act still stand in the way. ",https://www.instagram.com/indigenomics/p/C8fO6SCS2gH/
site:instagram.com #indigenouseconomy,"Feb 6, 2025",Pawanka Fund on Instagram,ca," Feb 6, 2025  ·  APIB is the national reference for the Indigenous movement in Brazil , created from the grassroots to unify and strengthen Indigenous ... ",https://www.instagram.com/pawankafund/p/DFvHMH0uLA4/
site:instagram.com #indigenouseconomy,"Mar 7, 2025",Excited to MC/Host at 2025 Indigenomics IMPACT! I'm ... - Instagram,ca," Mar 7, 2025  ·  The Indigenous economy is on the rise, and these visionary leaders are boldly shaping the future. We are beyond excited to unveil the first ... ",https://www.instagram.com/jahkotamusic/p/DG56JDfJcDJ/
site:instagram.com #indigenouseconomy,"Aug 6, 2024",to register for the conference or to learn - Instagram,ca," Aug 6, 2024  ·  I am excited to share, I will be speaking at the third annual Indigenomics SHE conference happening September 23-24th in Winnipeg! ",https://www.instagram.com/anishinaabegirl/p/C-WrUXcA45g/?locale=es&hl=en
site:instagram.com #indigenouseconomy,"Oct 2, 2023",Indigenous entrepreneurship: Meet Guna Ogob coconut oil. Crafted ...,ca," Oct 2, 2023  ·  Indigenous entrepreneurship: Meet Guna Ogob coconut oil. Crafted with passion and driven by the entrepreneurial spirit of the Mamitupu ... ",https://www.instagram.com/fscindigenousfoundation/p/Cx6Ch4wO-Ko/
site:instagram.com #indigenouseconomy,"Feb 19, 2025","Thunder Bay CEDC on Instagram: ""   Our CEO, Jamie Taylor, had a ...",ca," Feb 19, 2025  ·  They dove into CEDC's new Indigenous Economic Impact Analysis for the City of Thunder Bay—an important discussion on economic growth and ... ",https://www.instagram.com/tbcedc/p/DGQfknnxpmV/
site:instagram.com #indigenouseconomy,"Apr 18, 2024",The Indigenomics Institute is excited to welcome ... - Instagram,ca," Apr 18, 2024  ·  Prepare to engage with visionary leaders, transformative sessions, and inspiring stories that are shaping the future of the Indigenous economy. ",https://www.instagram.com/indigenomics/p/C56UEdExWCz/
site:instagram.com #indigenouseconomy,"Jan 9, 2025",The Indigenomics Institute is proud to launch the inaugural LEGO ...,ca," Jan 9, 2025  ·  This conference promotes a strengths-based narrative of Indigenous economic growth, design, inclusion, and reconciliation. By uniting leaders ... ",https://www.instagram.com/hesquiaht/p/DEn5e1gSmMF/
site:instagram.com #indigenouseconomy,"Mar 7, 2025","""Share this event and tag 4 People or organizations. You ... - Instagram",ca," Mar 7, 2025  ·  This event is about more than conversation—it's about action, collaboration, and shaping the future of the $100B Indigenous economy. Join us at ... ",https://www.instagram.com/indigenomics/p/DG5_E5OzyKy/?api=%E9%A9%AC%E6%9D%A5%E8%A5%BF%E4%BA%9A%E5%B1%85%E6%9E%97%E7%BA%A6%E7%82%AEWhatsApp%EF%BC%9A601167898268%E5%85%A8%E5%A5%97%E6%9C%8D%E5%8A%A1.jgrk&hl=ne
site:instagram.com #indigenouseconomy,"Jan 30, 2025","Indigenomics no Instagram: ""It's time to recognize the power ...",ca," Jan 30, 2025  ·  The Indigenous economy is rising—on track to exceed $100 billion—but outdated, colonial policies of Canada's Indian Act still stand in the way. ",https://www.instagram.com/indigenomics/p/DFd4AV5Pvl1/?locale=pt_PT&hl=pt-br
site:instagram.com #indigenouseconomy,"Aug 8, 2024",Indigenomics on Instagram,ca," Aug 8, 2024  ·  This conference promotes a strengths-based narrative of Indigenous economic growth, design, inclusion, and reconciliation. By uniting leaders ... ",https://www.instagram.com/indigenomics/p/C-awDUkTeHR/
