Search Term,URL,Title,Country,Description
#Indigenomics,https://indigenomicsinstitute.com/,Indigenomics Institute | Indigenomics Institute,ca, Indigenomics is a dialogue and design platform to bring attention and focus to the growing Indigenous economy. Economic Platform for Indigenous Economic ... 
#Indigenomics,https://indigenomicsinstitute.com/events/,Events - Indigenomics Institute,ca," #INDIGENOMICS is an invitation to build the partnerships, knowledge, tools and actions needed to advance the emerging 100 billion Indigenous economy. SASKATOON. "
#Indigenomics,https://globalcentreofindigenomics.com/,Global Centre of Indigenomics – Global Indigenous Economic ...,ca," Global Centre of Indigenomics is an international Indigenous organization that plays at the intersection of sustainability, economy, technology, ... "
#Indigenomics,https://books.google.com/books/about/Indigenomics.html?id=WJGhDwAAQBAJ&source=kp_cover,,ca," Igniting the $100 billion Indigenous economy It is time. It is time to increase the visibility, role, and responsibility of the emerging modern Indigenous economy and the people involved. This is the foundation for economic reconciliation. This is...   Google Books "
#Indigenomics,/search?num=27,  Indigenomics  ,ca, Indigenomics 
#Indigenomics,https://newsociety.com/book/indigenomics/?srsltid=AfmBOooS6fdOxk0Fmy0tSkzVEwpE01Q5iAytDZRKMbeOu8raLBiMNYmD,Indigenomics - New Society Publishers,ca," Mar 16, 2021  ·  Indigenomics calls for a new model of development, one that advances Indigenous self-determination, collective well-being, and reconciliation. "
#Indigenomics,https://www.indigo.ca/en-ca/indigenomics-taking-a-seat-at-the-economic-table/9780865719408.html,Indigenomics: Taking A Seat At The Economic Table Book By Carol ...,ca," Indigenomics by Carol Anne Hilton | Indigo Chapters 4.3 out of 5 stars, average rating value. Read 12 Reviews. Same page link. 4.3. (12). "
#Indigenomics,https://www.strongnations.com/store/9060/indigenomics-taking-a-seat-at-the-economic-table,Indigenomics: Taking a Seat at the Economic Table - Strong Nations,ca," Indigenomics lays out the tenets of the emerging Indigenous economy, built around relationships, multigenerational stewardship of resources, and care for all. "
#Indigenomics,https://birchbarkbooks.com/products/indigenomics,Indigenomics: Taking a Seat at the Economic Table - Birchbark Books,ca," Indigenomics lays out the tenets of the emerging Indigenous economy, built around relationships, multigenerational stewardship of resources, and care for all. "
#Indigenomics,https://ccednet-rcdec.ca/resource/indigenomics/,Indigenomics - Canadian CED Network,ca," Indigenomics lays out the tenets of the emerging Indigenous economy, built around relationships, multigenerational stewardship of resources, and care for all. "
#Indigenomics,https://climateinstitute.ca/publications/indigenomics/,Indigenomics: Our Eyes on the Land - Canadian Climate Institute,ca," Oct 14, 2021  ·  Indigenomics is the process of claiming a seat at the economic table. It involves centring Indigenous rights to an economy, rights to modernity, ... "
#Indigenomics,https://www.amazon.ca/Indigenomics-Taking-Seat-Economic-Table-ebook/dp/B07V1QRSL3,Indigenomics: Taking a Seat at the Economic Table - Amazon.ca,ca," Indigenomics lays out the tenets of the emerging Indigenous economy, built around relationships, multigenerational stewardship of resources, and care for all. "
#Indigenomics,https://goodminds.com/products/9780865719408?srsltid=AfmBOorwhEXajFduqHrjEbsqpP8hVd0314OYTjZD8uZVxGMJ0FpbU4Ud,Indigenomics: Taking a Seat at the Economic Table (FNCR 2022),ca," Indigenomics calls for a new model of development, one that advances Indigenous self-determination, collective well-being, and reconciliation. This is vital ... "
#Indigenomics,https://canadiancoursereadings.ca/product/indigenomics/,Indigenomics - Canadian Course Readings,ca," Indigenomics lays out the tenets of the emerging Indigenous economy, built around relationships, multigenerational stewardship of resources, and care for all. "
#Indigenomics,https://www.umista.ca/products/indigenomics?srsltid=AfmBOopnmnpu-wj5CedGolaCg4uPsmU7vsyix0URbomdLcRX7z7wGan2,Indigenomics - U'mista Cultural Centre,ca," Indigenomics lays out the tenets of the emerging Indigenous economy, built around relationships, multigenerational stewardship of resources, and care for all. "
#Indigenomics,https://diversity.rbc.com/indigenomics-increasing-the-visibility-role-and-responsibility-of-the-modern-indigenous-economy/,"Indigenomics: Increasing the Visibility, Role and Responsibility of ...",ca," Aug 30, 2021  ·  A recent conversation with Indigenomics Institute CEO Carol Anne Hilton reveals the opportunity and impact of the Indigenous economy. "
#Indigenomics,https://www.businesswire.com/news/home/20250305888544/en/The-Indigenomics-Institute-Introduces-Inaugural-Indigenomics-IMPACT-Forum,The Indigenomics Institute Introduces Inaugural ... - Business Wire,ca, 5 days ago  ·  Indigenomics IMPACT is a two-day forum highlighting stories of Indigenous economic reconciliation outcomes in the Indigenous economy. 
#Indigenomics,https://ca.linkedin.com/company/indigenomics-institute,Indigenomics | LinkedIn,ca," The Indigenomics Institute is convening the people, tools, leadership and resources to grow the Indigenous economy. It is an Indigenous economic design platform ... "
#Indigenomics,https://www.hilltimes.com/story/2022/05/30/indigenomics-is-a-process-of-claiming-our-indigenous-place-at-the-economic-table/278742/,Indigenomics is a process of claiming our Indigenous place at the ...,ca," May 30, 2022  ·  Indigenomics is Indigenous intelligence in motion. It is the practice of bringing an Indigenous perspective into economic and social development ... "
#Indigenomics,https://www.culturalsurvival.org/publications/cultural-survival-quarterly/indigenomics-harnessing-power-our-communities,Indigenomics: Harnessing the Power of Our Communities,ca," Dec 11, 2020  ·  Indigenomics is a collective response to the violent removal of Indigenous economic worldview and the systemic exclusion of Indigenous Peoples ... "
#Indigenomics,https://www.policymagazine.ca/indigenomics-harnessing-the-strength-of-an-economic-powerhouse/,Indigenomics: Harnessing the Strength of an Economic Powerhouse,ca," May 10, 2021  ·  Indigenomics is modern, constructive generative Indigenous economic design. The term was coined as a way of heightening Canadian awareness of ... "
#Indigenomics,https://www.corporateknights.com/perspectives/voices/indigenomics-in-action/,Indigenomics in action | Corporate Knights,ca," Apr 23, 2019  ·  Indigenomics is the collective economic response to the lasting legacy of the systematic exclusion of Indigenous peoples in Canada's development ... "
#Indigenomics,https://empireclubofcanada.com/event/indigenomics-the-emerging-strength-of-the-indigenous-economy/,Indigenomics | The Empire Club of Canada,ca, A panel discussion about the concepts of Indigenomics and the evolution of the emerging $100 billion Indigenous economy.                           
#Indigenomics,https://www.businesswire.com/news/home/20241011377430/en/Indigenomics-on-BAY-STREET-Invites-Leaders-Looking-to-Advance-Indigenous-Economic-Reconciliation-and-Drive-Growth-in-the-Indigenous-Economy,Indigenomics on BAY STREET Invites Leaders Looking to Advance ...,ca," Oct 11, 2024  ·  Indigenomics BAY STREET is an annual national Indigenous economic conference. It is an invitation for change makers, innovators and leadership ... "
#Indigenomics,https://www.instagram.com/indigenomics/p/DGjDUb3TkAe/,Call for Volunteers – Be Part of Indigenomics Impact ... - Instagram,ca," Feb 26, 2025  ·  Don't miss your chance to join Indigenomics IMPACT, a game-changing event designed to celebrate and advance success within the Indigenous ... "
